State,District,Population_Share_district,MPI_District,Headcount_Ratio,Intensity_of_Deprivation,Total_Population,,Number_of_MPI_PeopleDistrict_InThousand,Number_of_MPI_PeopleDistrict
Andaman And Nicobar Islands,Nicobars,0.00%,0.012,3.1,37,28,"13,24,171",1,1000
Andaman And Nicobar Islands,North & Middle Andaman,0.01%,0.064,16.5,39.1,104,"13,24,171",17,17000
Andaman And Nicobar Islands,South Andaman,0.02%,0.013,3.4,38.9,261,"13,24,171",9,9000
Andhra Pradesh,Anantapur,0.32%,0.065,16.5,39,"4,186","13,24,171",692,692000
Andhra Pradesh,Chittoor,0.33%,0.05,12.9,38.8,"4,396","13,24,171",568,568000
Andhra Pradesh,East Godavari,0.44%,0.041,10.3,40.2,"5,793","13,24,171",596,596000
Andhra Pradesh,Guntur,0.39%,0.042,10.6,39.6,"5,185","13,24,171",551,551000
Andhra Pradesh,Krishna,0.37%,0.047,12,39.3,"4,924","13,24,171",592,592000
Andhra Pradesh,Kurnool,0.35%,0.102,23.9,42.6,"4,597","13,24,171","1,100",1100000
Andhra Pradesh,Prakasam,0.27%,0.08,18.8,42.8,"3,555","13,24,171",667,667000
Andhra Pradesh,Sri Potti Sriramulu Nellore,0.24%,0.059,14,42,"3,240","13,24,171",454,454000
Andhra Pradesh,Srikakulam,0.21%,0.079,19.7,39.8,"2,837","13,24,171",560,560000
Andhra Pradesh,Visakhapatnam,0.35%,0.078,17.6,44.2,"4,571","13,24,171",804,804000
Andhra Pradesh,Vizianagaram,0.18%,0.092,22.7,40.5,"2,431","13,24,171",551,551000
Andhra Pradesh,West Godavari,0.30%,0.045,11.8,38.5,"4,032","13,24,171",475,475000
Andhra Pradesh,Y.S.R.,0.23%,0.048,11.8,40.9,"3,003","13,24,171",356,356000
Arunachal Pradesh,Anjaw,0.00%,0.099,24.5,40.3,19,"13,24,171",5,5000
Arunachal Pradesh,Changlang,0.01%,0.129,28.9,44.7,138,"13,24,171",40,40000
Arunachal Pradesh,Dibang Valley,0.00%,0.071,18.3,38.6,3,"13,24,171",1,1000
Arunachal Pradesh,East Kameng,0.00%,0.191,41.9,45.5,65,"13,24,171",27,27000
Arunachal Pradesh,East Siang,0.01%,0.037,9.5,39.2,67,"13,24,171",6,6000
Arunachal Pradesh,Kurung Kumey,0.01%,0.161,36.5,44.1,67,"13,24,171",24,24000
Arunachal Pradesh,Lohit,0.01%,0.155,31.6,49,131,"13,24,171",41,41000
Arunachal Pradesh,Lower Dibang Valley,0.00%,0.107,25.2,42.5,47,"13,24,171",12,12000
Arunachal Pradesh,Lower Subansiri,0.00%,0.06,14.4,41.4,52,"13,24,171",7,7000
Arunachal Pradesh,Papumpare,0.01%,0.047,11,42.4,175,"13,24,171",19,19000
Arunachal Pradesh,Tawang,0.00%,0.124,29.7,41.9,27,"13,24,171",8,8000
Arunachal Pradesh,Tirap,0.01%,0.137,30.7,44.6,110,"13,24,171",34,34000
Arunachal Pradesh,Upper Siang,0.00%,0.082,21.7,37.7,20,"13,24,171",4,4000
Arunachal Pradesh,Upper Subansiri,0.00%,0.12,29,41.5,63,"13,24,171",18,18000
Arunachal Pradesh,West Kameng,0.00%,0.08,19.2,41.9,65,"13,24,171",13,13000
Arunachal Pradesh,West Siang,0.01%,0.058,14,41.8,85,"13,24,171",12,12000
Assam,Baksa,0.07%,0.105,25.8,40.7,974,"13,24,171",252,252000
Assam,Barpeta,0.13%,0.176,40.6,43.4,"1,732","13,24,171",703,703000
Assam,Bongaigaon,0.06%,0.146,34.6,42.2,742,"13,24,171",257,257000
Assam,Cachar,0.14%,0.224,46.8,47.8,"1,900","13,24,171",890,890000
Assam,Chirang,0.04%,0.166,39.4,42.2,476,"13,24,171",188,188000
Assam,Darrang,0.08%,0.191,42.4,45.1,996,"13,24,171",422,422000
Assam,Dhemaji,0.05%,0.136,33.4,40.8,704,"13,24,171",235,235000
Assam,Dhubri,0.16%,0.242,51.8,46.8,"2,127","13,24,171","1,103",1103000
Assam,Dibrugarh,0.10%,0.139,30.9,45.1,"1,378","13,24,171",426,426000
Assam,Dima Hasao,0.01%,0.159,34.4,46.2,193,"13,24,171",67,67000
Assam,Goalpara,0.08%,0.195,41.2,47.3,"1,038","13,24,171",428,428000
Assam,Golaghat,0.08%,0.104,24.4,42.4,"1,092","13,24,171",267,267000
Assam,Hailakandi,0.06%,0.268,56.9,47,779,"13,24,171",443,443000
Assam,Jorhat,0.09%,0.099,23.6,42,"1,173","13,24,171",276,276000
Assam,Kamrup,0.12%,0.107,25.4,42.3,"1,577","13,24,171",401,401000
Assam,Kamrup Metropolitan,0.09%,0.056,13.2,42.6,"1,163","13,24,171",153,153000
Assam,Karbi Anglong,0.07%,0.191,43.2,44.3,900,"13,24,171",389,389000
Assam,Karimganj,0.11%,0.223,47.8,46.7,"1,404","13,24,171",671,671000
Assam,Kokrajhar,0.07%,0.154,35.8,43.1,870,"13,24,171",312,312000
Assam,Lakhimpur,0.08%,0.127,29.5,43.1,"1,041","13,24,171",307,307000
Assam,Morigaon,0.07%,0.182,41.6,43.8,986,"13,24,171",410,410000
Assam,Nagaon,0.21%,0.152,35.5,42.8,"2,808","13,24,171",998,998000
Assam,Nalbari,0.06%,0.09,22.8,39.7,808,"13,24,171",184,184000
Assam,Sivasagar,0.09%,0.14,30.3,46.2,"1,226","13,24,171",372,372000
Assam,Sonitpur,0.14%,0.133,30.8,43.2,"1,917","13,24,171",590,590000
Assam,Tinsukia,0.11%,0.194,40,48.6,"1,441","13,24,171",576,576000
Assam,Udalguri,0.07%,0.129,30.6,42.2,900,"13,24,171",275,275000
Bihar,Araria,0.25%,0.346,68.7,50.3,"3,342","13,24,171","2,297",2297000
Bihar,Arwal,0.06%,0.236,53,44.5,730,"13,24,171",387,387000
Bihar,Aurangabad,0.18%,0.193,44.3,43.6,"2,414","13,24,171","1,068",1068000
Bihar,Banka,0.18%,0.28,59.9,46.8,"2,375","13,24,171","1,422",1422000
Bihar,Begusarai,0.26%,0.239,49.9,47.9,"3,458","13,24,171","1,727",1727000
Bihar,Bhagalpur,0.29%,0.221,45.5,48.5,"3,826","13,24,171","1,742",1742000
Bihar,Bhojpur,0.22%,0.171,39.4,43.5,"2,964","13,24,171","1,167",1167000
Bihar,Buxar,0.14%,0.177,41.4,42.7,"1,807","13,24,171",749,749000
Bihar,Darbhanga,0.37%,0.267,56.6,47.2,"4,898","13,24,171","2,774",2774000
Bihar,Gaya,0.38%,0.254,55.5,45.8,"5,030","13,24,171","2,789",2789000
Bihar,Gopalganj,0.22%,0.185,42.6,43.4,"2,849","13,24,171","1,214",1214000
Bihar,Jamui,0.14%,0.303,64,47.4,"1,880","13,24,171","1,203",1203000
Bihar,Jehanabad,0.08%,0.214,45.8,46.8,"1,097","13,24,171",503,503000
Bihar,Kaimur (Bhabua),0.13%,0.206,46.7,44.1,"1,684","13,24,171",786,786000
Bihar,Katihar,0.25%,0.313,62.5,50,"3,361","13,24,171","2,102",2102000
Bihar,Khagaria,0.14%,0.294,58.6,50.2,"1,855","13,24,171","1,087",1087000
Bihar,Kishanganj,0.15%,0.325,66,49.3,"1,929","13,24,171","1,273",1273000
Bihar,Lakhisarai,0.08%,0.207,43.9,47.1,"1,057","13,24,171",464,464000
Bihar,Madhepura,0.17%,0.337,68,49.6,"2,241","13,24,171","1,524",1524000
Bihar,Madhubani,0.39%,0.268,56.9,47.1,"5,193","13,24,171","2,956",2956000
Bihar,Munger,0.12%,0.184,40,46,"1,537","13,24,171",615,615000
Bihar,Muzaffarpur,0.40%,0.222,48.3,45.9,"5,316","13,24,171","2,569",2569000
Bihar,Nalanda,0.22%,0.223,47.3,47.1,"2,860","13,24,171","1,352",1352000
Bihar,Nawada,0.16%,0.238,50.6,47,"2,098","13,24,171","1,062",1062000
Bihar,Pashchim Champaran,0.35%,0.273,56.7,48.1,"4,598","13,24,171","2,607",2607000
Bihar,Patna,0.52%,0.125,28.2,44.2,"6,949","13,24,171","1,962",1962000
Bihar,Purba Champaran,0.44%,0.3,61.5,48.9,"5,791","13,24,171","3,559",3559000
Bihar,Purnia,0.28%,0.334,67,49.9,"3,705","13,24,171","2,482",2482000
Bihar,Rohtas,0.24%,0.162,39,41.6,"3,187","13,24,171","1,243",1243000
Bihar,Saharsa,0.17%,0.312,61.6,50.7,"2,229","13,24,171","1,374",1374000
Bihar,Samastipur,0.35%,0.269,55.5,48.5,"4,587","13,24,171","2,547",2547000
Bihar,Saran,0.32%,0.187,42.6,43.8,"4,226","13,24,171","1,801",1801000
Bihar,Sheikhpura,0.05%,0.237,52.2,45.5,650,"13,24,171",340,340000
Bihar,Sheohar,0.06%,0.297,62.1,47.8,830,"13,24,171",515,515000
Bihar,Sitamarhi,0.33%,0.317,65,48.8,"4,312","13,24,171","2,802",2802000
Bihar,Siwan,0.28%,0.172,39.8,43.2,"3,725","13,24,171","1,483",1483000
Bihar,Supaul,0.19%,0.314,66.3,47.4,"2,552","13,24,171","1,691",1691000
Bihar,Vaishali,0.30%,0.214,46.8,45.8,"3,911","13,24,171","1,831",1831000
Chandigarh,Chandigarh,0.07%,0.02,4.4,44.3,960,"13,24,171",43,43000
Chhattisgarh,Bastar,0.13%,0.269,61.3,43.9,"1,668","13,24,171","1,022",1022000
Chhattisgarh,Bijapur,0.02%,0.206,50.3,40.9,287,"13,24,171",144,144000
Chhattisgarh,Bilaspur,0.27%,0.12,29.6,40.7,"3,520","13,24,171","1,040",1040000
Chhattisgarh,Dakshin Bastar Dantewada,0.05%,0.323,65.1,49.5,634,"13,24,171",413,413000
Chhattisgarh,Dhamtari,0.07%,0.097,25.1,38.5,951,"13,24,171",239,239000
Chhattisgarh,Durg,0.28%,0.093,24,38.6,"3,703","13,24,171",890,890000
Chhattisgarh,Janjgir - Champa,0.15%,0.114,29.9,38,"2,006","13,24,171",601,601000
Chhattisgarh,Jashpur,0.07%,0.229,53,43.2,920,"13,24,171",488,488000
Chhattisgarh,Kabirdham,0.07%,0.2,47.3,42.3,970,"13,24,171",459,459000
Chhattisgarh,Korba,0.11%,0.166,39.1,42.4,"1,478","13,24,171",578,578000
Chhattisgarh,Korea (Koriya),0.06%,0.187,44,42.4,731,"13,24,171",322,322000
Chhattisgarh,Mahasamund,0.10%,0.157,40.8,38.5,"1,352","13,24,171",551,551000
Chhattisgarh,Narayanpur,0.01%,0.281,62.4,45.1,159,"13,24,171",99,99000
Chhattisgarh,Raigarh,0.13%,0.15,37,40.6,"1,724","13,24,171",638,638000
Chhattisgarh,Raipur,0.36%,0.109,26.8,40.5,"4,822","13,24,171","1,294",1294000
Chhattisgarh,Rajnandgaon,0.14%,0.101,26.8,37.6,"1,895","13,24,171",508,508000
Chhattisgarh,Surguja,0.19%,0.237,54.2,43.8,"2,569","13,24,171","1,393",1393000
Chhattisgarh,Uttar Bastar Kanker,0.06%,0.148,36.5,40.5,829,"13,24,171",303,303000
Dadra And Nagar Haveli,Dadra & Nagar Haveli,0.03%,0.14,33.3,42.1,370,"13,24,171",123,123000
Daman And Diu,Daman,0.01%,0.027,6.3,42.3,155,"13,24,171",10,10000
Daman And Diu,Diu,0.00%,0.016,4.3,37,40,"13,24,171",2,2000
Delhi,Central,0.03%,0.015,3.5,43.1,407,"13,24,171",14,14000
Delhi,East,0.10%,0.015,3.8,39.3,"1,327","13,24,171",50,50000
Delhi,New Delhi,0.01%,0.023,5.8,39.7,116,"13,24,171",7,7000
Delhi,North,0.07%,0.007,2,37.5,885,"13,24,171",17,17000
Delhi,North East,0.18%,0.026,6.6,40.2,"2,369","13,24,171",155,155000
Delhi,North West,0.26%,0.023,4.8,47.5,"3,386","13,24,171",164,164000
Delhi,South,0.21%,0.018,4.1,43.3,"2,841","13,24,171",116,116000
Delhi,South West,0.27%,0.008,2.1,40.1,"3,633","13,24,171",76,76000
Delhi,West,0.18%,0.011,2.7,38.8,"2,392","13,24,171",65,65000
Goa,North Goa,0.07%,0.022,5.9,36.5,937,"13,24,171",55,55000
Goa,South Goa,0.05%,0.02,5.2,38.2,655,"13,24,171",34,34000
Gujarat,Ahmadabad,0.54%,0.032,8.2,39.2,"7,160","13,24,171",584,584000
Gujarat,Amreli,0.11%,0.053,13.1,40.1,"1,503","13,24,171",198,198000
Gujarat,Anand,0.18%,0.072,17.8,40.5,"2,439","13,24,171",434,434000
Gujarat,Banaskantha,0.23%,0.149,33.6,44.5,"3,102","13,24,171","1,042",1042000
Gujarat,Bharuch,0.13%,0.095,23.1,41.4,"1,662","13,24,171",383,383000
Gujarat,Bhavnagar,0.23%,0.077,19.6,39,"2,992","13,24,171",587,587000
Gujarat,Dohad,0.15%,0.268,59.9,44.7,"1,928","13,24,171","1,155",1155000
Gujarat,Gandhinagar,0.12%,0.084,18.8,45,"1,565","13,24,171",294,294000
Gujarat,Jamnagar,0.16%,0.064,14.3,44.9,"2,063","13,24,171",296,296000
Gujarat,Junagadh,0.20%,0.049,11.9,41.5,"2,685","13,24,171",319,319000
Gujarat,Kachchh,0.17%,0.144,31,46.4,"2,203","13,24,171",683,683000
Gujarat,Kheda,0.19%,0.109,27.3,40,"2,499","13,24,171",683,683000
Gujarat,Mahesana,0.18%,0.049,11.9,41.4,"2,348","13,24,171",279,279000
Gujarat,Narmada,0.05%,0.185,45.9,40.2,623,"13,24,171",286,286000
Gujarat,Navsari,0.11%,0.08,20.5,39,"1,445","13,24,171",296,296000
Gujarat,Panchmahal,0.19%,0.201,47.7,42.1,"2,483","13,24,171","1,183",1183000
Gujarat,Patan,0.11%,0.107,25.7,41.5,"1,423","13,24,171",366,366000
Gujarat,Porbandar,0.05%,0.041,10.5,39.6,600,"13,24,171",63,63000
Gujarat,Rajkot,0.30%,0.042,10.3,40.7,"3,927","13,24,171",405,405000
Gujarat,Sabarkantha,0.20%,0.119,29,41.1,"2,646","13,24,171",768,768000
Gujarat,Surat,0.49%,0.042,10.7,39.4,"6,487","13,24,171",694,694000
Gujarat,Surendranagar,0.14%,0.12,26.3,45.8,"1,819","13,24,171",478,478000
Gujarat,Tapi,0.07%,0.164,42.7,38.4,867,"13,24,171",370,370000
Gujarat,The Dangs,0.02%,0.292,64.7,45.2,233,"13,24,171",151,151000
Gujarat,Vadodara,0.31%,0.101,23.2,43.7,"4,132","13,24,171",959,959000
Gujarat,Valsad,0.14%,0.103,23.3,44.1,"1,798","13,24,171",419,419000
Haryana,Ambala,0.09%,0.012,3.4,37,"1,219","13,24,171",41,41000
Haryana,Bhiwani,0.14%,0.047,12.4,38.2,"1,863","13,24,171",231,231000
Haryana,Faridabad,0.21%,0.042,10.2,41.6,"2,802","13,24,171",286,286000
Haryana,Fatehabad,0.08%,0.039,9.9,39.7,"1,083","13,24,171",107,107000
Haryana,Gurgaon,0.17%,0.032,8.1,39.9,"2,204","13,24,171",179,179000
Haryana,Hisar,0.15%,0.037,9.7,38.7,"1,997","13,24,171",193,193000
Haryana,Jhajjar,0.09%,0.016,4.2,38.4,"1,155","13,24,171",48,48000
Haryana,Jind,0.11%,0.033,8.5,38.6,"1,486","13,24,171",127,127000
Haryana,Kaithal,0.09%,0.036,9.2,38.6,"1,239","13,24,171",114,114000
Haryana,Karnal,0.15%,0.029,7.1,40.6,"1,941","13,24,171",139,139000
Haryana,Kurukshetra,0.08%,0.021,5.4,39.7,"1,041","13,24,171",56,56000
Haryana,Mahendragarh,0.08%,0.024,6.4,37.2,"1,048","13,24,171",67,67000
Haryana,Mewat,0.10%,0.291,58.1,50.1,"1,362","13,24,171",792,792000
Haryana,Palwal,0.09%,0.104,24.1,43.3,"1,215","13,24,171",293,293000
Haryana,Panchkula,0.05%,0.011,2.7,38.8,658,"13,24,171",18,18000
Haryana,Panipat,0.10%,0.028,6.6,41.9,"1,361","13,24,171",90,90000
Haryana,Rewari,0.09%,0.029,7.6,38.3,"1,193","13,24,171",91,91000
Haryana,Rohtak,0.09%,0.043,10.3,41.6,"1,232","13,24,171",127,127000
Haryana,Sirsa,0.12%,0.05,12.5,40.1,"1,529","13,24,171",191,191000
Haryana,Sonipat,0.13%,0.015,3.9,38.8,"1,682","13,24,171",65,65000
Haryana,Yamunanagar,0.11%,0.029,7.6,37.5,"1,393","13,24,171",106,106000
Himachal Pradesh,Bilaspur,0.03%,0.027,7.5,35.3,395,"13,24,171",30,30000
Himachal Pradesh,Chamba,0.04%,0.042,10.6,39.3,510,"13,24,171",54,54000
Himachal Pradesh,Hamirpur,0.04%,0.015,4.2,35.9,481,"13,24,171",20,20000
Himachal Pradesh,Kangra,0.12%,0.026,7.2,35.8,"1,527","13,24,171",109,109000
Himachal Pradesh,Kinnaur,0.01%,0.026,7.1,36.9,74,"13,24,171",5,5000
Himachal Pradesh,Kullu,0.03%,0.04,11.1,36.1,419,"13,24,171",46,46000
Himachal Pradesh,Lahul And Spiti,0.00%,0.036,9.7,36.7,21,"13,24,171",2,2000
Himachal Pradesh,Mandi,0.08%,0.031,8.5,36.7,"1,044","13,24,171",88,88000
Himachal Pradesh,Shimla,0.06%,0.034,9.3,36.9,804,"13,24,171",74,74000
Himachal Pradesh,Sirmaur,0.04%,0.054,13.4,40.3,503,"13,24,171",67,67000
Himachal Pradesh,Solan,0.05%,0.031,7.7,40.2,656,"13,24,171",50,50000
Himachal Pradesh,Una,0.04%,0.018,4.9,37.6,578,"13,24,171",28,28000
Jammu And Kashmir,Anantnag,0.08%,0.043,9.7,44.2,"1,041","13,24,171",101,101000
Jammu And Kashmir,Badgam,0.05%,0.042,10.5,39.8,617,"13,24,171",65,65000
Jammu And Kashmir,Bandipore,0.03%,0.055,12.8,43.2,405,"13,24,171",52,52000
Jammu And Kashmir,Baramula,0.07%,0.039,9.5,40.7,916,"13,24,171",87,87000
Jammu And Kashmir,Doda,0.03%,0.138,31.8,43.4,432,"13,24,171",137,137000
Jammu And Kashmir,Ganderbal,0.02%,0.041,10,40.8,314,"13,24,171",31,31000
Jammu And Kashmir,Jammu,0.12%,0.036,9,40,"1,606","13,24,171",145,145000
Jammu And Kashmir,Kargil,0.01%,0.096,25.3,37.8,109,"13,24,171",28,28000
Jammu And Kashmir,Kathua,0.05%,0.078,19.3,40.7,659,"13,24,171",127,127000
Jammu And Kashmir,Kishtwar,0.02%,0.126,29.3,43,245,"13,24,171",72,72000
Jammu And Kashmir,Kulgam,0.04%,0.039,9.6,41.1,470,"13,24,171",45,45000
Jammu And Kashmir,Kupwara,0.05%,0.079,20.1,39.5,690,"13,24,171",139,139000
Jammu And Kashmir,Leh,0.01%,0.039,10.9,36.2,97,"13,24,171",11,11000
Jammu And Kashmir,Pulwama,0.04%,0.019,4.9,39.7,469,"13,24,171",23,23000
Jammu And Kashmir,Punch,0.05%,0.11,26.1,42.3,609,"13,24,171",159,159000
Jammu And Kashmir,Rajouri,0.06%,0.126,29.6,42.5,787,"13,24,171",233,233000
Jammu And Kashmir,Ramban,0.02%,0.173,39.1,44.2,282,"13,24,171",110,110000
Jammu And Kashmir,Reasi,0.03%,0.104,25.1,41.6,375,"13,24,171",94,94000
Jammu And Kashmir,Samba,0.02%,0.051,12.8,39.6,301,"13,24,171",38,38000
Jammu And Kashmir,Shupiyan,0.02%,0.036,8.8,40.9,288,"13,24,171",25,25000
Jammu And Kashmir,Srinagar,0.11%,0.01,2.7,38,"1,497","13,24,171",40,40000
Jammu And Kashmir,Udhampur,0.04%,0.135,31.5,42.9,573,"13,24,171",180,180000
Jharkhand,Bokaro,0.17%,0.138,33.5,41.2,"2,265","13,24,171",758,758000
Jharkhand,Chatra,0.09%,0.28,58.4,47.9,"1,232","13,24,171",719,719000
Jharkhand,Deoghar,0.13%,0.217,49.1,44.1,"1,775","13,24,171",872,872000
Jharkhand,Dhanbad,0.21%,0.133,32.8,40.7,"2,797","13,24,171",917,917000
Jharkhand,Dumka,0.11%,0.265,58.7,45.2,"1,457","13,24,171",856,856000
Jharkhand,Garhwa,0.11%,0.258,57.8,44.6,"1,502","13,24,171",868,868000
Jharkhand,Giridih,0.18%,0.243,55,44.3,"2,441","13,24,171","1,343",1343000
Jharkhand,Godda,0.10%,0.264,58.1,45.5,"1,355","13,24,171",787,787000
Jharkhand,Gumla,0.08%,0.218,48.5,44.8,999,"13,24,171",485,485000
Jharkhand,Hazaribagh,0.14%,0.162,39.3,41.1,"1,882","13,24,171",739,739000
Jharkhand,Jamtara,0.07%,0.247,56.6,43.6,936,"13,24,171",530,530000
Jharkhand,Khunti,0.04%,0.245,55,44.5,542,"13,24,171",298,298000
Jharkhand,Kodarma,0.06%,0.161,38,42.3,787,"13,24,171",299,299000
Jharkhand,Latehar,0.06%,0.262,56.1,46.8,760,"13,24,171",426,426000
Jharkhand,Lohardaga,0.04%,0.225,51.9,43.4,504,"13,24,171",262,262000
Jharkhand,Pakur,0.08%,0.322,66.2,48.7,"1,011","13,24,171",669,669000
Jharkhand,Palamu,0.15%,0.229,48.7,47,"1,965","13,24,171",958,958000
Jharkhand,Pashchimi Singhbhum,0.11%,0.309,61.7,50.1,"1,501","13,24,171",927,927000
Jharkhand,Purbi Singhbhum,0.20%,0.11,25.8,42.6,"2,636","13,24,171",679,679000
Jharkhand,Ramgarh,0.07%,0.133,32.1,41.6,958,"13,24,171",307,307000
Jharkhand,Ranchi,0.22%,0.122,29.3,41.6,"2,860","13,24,171",838,838000
Jharkhand,Sahibganj,0.09%,0.294,60,49,"1,237","13,24,171",742,742000
Jharkhand,Saraikela Kharsawan,0.10%,0.19,44.1,43.1,"1,265","13,24,171",558,558000
Jharkhand,Simdega,0.05%,0.246,55.3,44.6,599,"13,24,171",331,331000
Karnataka,Bagalkot,0.15%,0.121,31.1,38.9,"2,014","13,24,171",626,626000
Karnataka,Bangalore,0.84%,0.007,1.9,37,"11,143","13,24,171",208,208000
Karnataka,Bangalore Rural,0.08%,0.042,11.3,37.5,"1,006","13,24,171",114,114000
Karnataka,Belgaum,0.38%,0.062,16.4,37.7,"5,050","13,24,171",826,826000
Karnataka,Bellary,0.19%,0.123,28.8,42.8,"2,545","13,24,171",734,734000
Karnataka,Bidar,0.14%,0.101,25.5,39.5,"1,873","13,24,171",477,477000
Karnataka,Bijapur,0.17%,0.12,30.4,39.4,"2,250","13,24,171",684,684000
Karnataka,Chamarajanagar,0.08%,0.095,23.8,40.1,"1,024","13,24,171",243,243000
Karnataka,Chikkaballapura,0.09%,0.089,23.1,38.7,"1,221","13,24,171",282,282000
Karnataka,Chikmagalur,0.08%,0.051,13.1,38.8,"1,074","13,24,171",141,141000
Karnataka,Chitradurga,0.14%,0.084,20.9,40.3,"1,812","13,24,171",379,379000
Karnataka,Dakshina Kannada,0.15%,0.025,6.4,39.2,"2,026","13,24,171",130,130000
Karnataka,Davanagere,0.15%,0.066,16.8,39.4,"2,013","13,24,171",339,339000
Karnataka,Dharwad,0.16%,0.051,13.5,38.2,"2,178","13,24,171",293,293000
Karnataka,Gadag,0.09%,0.12,30.2,39.7,"1,172","13,24,171",354,354000
Karnataka,Gulbarga,0.20%,0.12,29.7,40.2,"2,691","13,24,171",800,800000
Karnataka,Hassan,0.13%,0.043,11.6,37.3,"1,731","13,24,171",200,200000
Karnataka,Haveri,0.12%,0.079,20.5,38.8,"1,593","13,24,171",326,326000
Karnataka,Kodagu,0.04%,0.044,10.5,42.2,583,"13,24,171",61,61000
Karnataka,Kolar,0.12%,0.056,14.8,37.7,"1,604","13,24,171",238,238000
Karnataka,Koppal,0.11%,0.122,30.8,39.4,"1,416","13,24,171",436,436000
Karnataka,Mandya,0.14%,0.042,10.9,38.6,"1,901","13,24,171",207,207000
Karnataka,Mysore,0.24%,0.037,9.4,39.5,"3,207","13,24,171",300,300000
Karnataka,Raichur,0.15%,0.154,36.1,42.8,"1,940","13,24,171",699,699000
Karnataka,Ramanagara,0.08%,0.046,12.4,37,"1,091","13,24,171",136,136000
Karnataka,Shimoga,0.13%,0.064,16.4,39,"1,666","13,24,171",274,274000
Karnataka,Tumkur,0.18%,0.076,19.4,39.3,"2,446","13,24,171",475,475000
Karnataka,Udupi,0.09%,0.047,11.7,39.7,"1,142","13,24,171",134,134000
Karnataka,Uttara Kannada,0.12%,0.065,16.3,39.6,"1,532","13,24,171",250,250000
Karnataka,Yadgir,0.09%,0.214,49,43.6,"1,190","13,24,171",583,583000
Kerala,Alappuzha,0.18%,0.003,0.8,37.3,"2,355","13,24,171",20,20000
Kerala,Ernakulam,0.28%,0.001,0.2,33.3,"3,651","13,24,171",6,6000
Kerala,Idukki,0.09%,0.008,2.1,36.7,"1,175","13,24,171",25,25000
Kerala,Kannur,0.20%,0.002,0.6,36.4,"2,681","13,24,171",16,16000
Kerala,Kasaragod,0.11%,0.008,1.9,43.4,"1,456","13,24,171",28,28000
Kerala,Kollam,0.24%,0.006,1.6,37.7,"3,230","13,24,171",50,50000
Kerala,Kottayam,0.18%,0,0.1,33.3,"2,339","13,24,171",3,3000
Kerala,Kozhikode,0.26%,0.003,0.9,34.8,"3,501","13,24,171",31,31000
Kerala,Malappuram,0.38%,0.006,1.6,35.8,"5,013","13,24,171",79,79000
Kerala,Palakkad,0.28%,0.004,1,36.6,"3,736","13,24,171",36,36000
Kerala,Pathanamthitta,0.11%,0.005,1.2,40.9,"1,462","13,24,171",18,18000
Kerala,Thiruvananthapuram,0.29%,0.005,1.5,36.5,"3,877","13,24,171",58,58000
Kerala,Thrissur,0.25%,0.001,0.4,34.9,"3,268","13,24,171",12,12000
Kerala,Wayanad,0.07%,0.016,3.9,41.3,863,"13,24,171",33,33000
Lakshadweep,Lakshadweep,0.01%,0.007,1.8,36.8,80,"13,24,171",1,1000
Madhya Pradesh,Alirajpur,0.07%,0.402,76.5,52.6,923,"13,24,171",705,705000
Madhya Pradesh,Anuppur,0.07%,0.205,47.9,42.8,904,"13,24,171",433,433000
Madhya Pradesh,Ashoknagar,0.07%,0.222,50.8,43.7,989,"13,24,171",502,502000
Madhya Pradesh,Balaghat,0.16%,0.201,49.6,40.6,"2,053","13,24,171","1,018",1018000
Madhya Pradesh,Barwani,0.13%,0.348,65.2,53.3,"1,760","13,24,171","1,147",1147000
Madhya Pradesh,Betul,0.13%,0.173,39.3,43.9,"1,764","13,24,171",694,694000
Madhya Pradesh,Bhind,0.14%,0.157,39.1,40.2,"1,834","13,24,171",717,717000
Madhya Pradesh,Bhopal,0.21%,0.061,14.1,42.8,"2,840","13,24,171",402,402000
Madhya Pradesh,Burhanpur,0.06%,0.187,37.9,49.4,856,"13,24,171",324,324000
Madhya Pradesh,Chhatarpur,0.15%,0.244,54.1,45,"1,934","13,24,171","1,046",1046000
Madhya Pradesh,Chhindwara,0.18%,0.148,34.4,43.2,"2,447","13,24,171",841,841000
Madhya Pradesh,Damoh,0.12%,0.219,50.1,43.8,"1,592","13,24,171",797,797000
Madhya Pradesh,Datia,0.07%,0.162,38.5,42,937,"13,24,171",361,361000
Madhya Pradesh,Dewas,0.15%,0.149,34.4,43.4,"1,966","13,24,171",676,676000
Madhya Pradesh,Dhar,0.20%,0.205,44.3,46.3,"2,610","13,24,171","1,157",1157000
Madhya Pradesh,Dindori,0.06%,0.278,61.2,45.4,819,"13,24,171",502,502000
Madhya Pradesh,Guna,0.13%,0.222,49.5,44.8,"1,700","13,24,171",841,841000
Madhya Pradesh,Gwalior,0.19%,0.096,22.8,42.2,"2,560","13,24,171",583,583000
Madhya Pradesh,Harda,0.05%,0.152,34.2,44.5,684,"13,24,171",234,234000
Madhya Pradesh,Hoshangabad,0.12%,0.112,26.9,41.8,"1,564","13,24,171",420,420000
Madhya Pradesh,Indore,0.35%,0.051,12,42.9,"4,628","13,24,171",554,554000
Madhya Pradesh,Jabalpur,0.20%,0.104,24.8,42,"2,652","13,24,171",657,657000
Madhya Pradesh,Jhabua,0.10%,0.37,71.5,51.8,"1,276","13,24,171",913,913000
Madhya Pradesh,Katni,0.12%,0.185,42.7,43.4,"1,542","13,24,171",658,658000
Madhya Pradesh,Khandwa (East Nimar),0.12%,0.21,46.5,45.1,"1,550","13,24,171",720,720000
Madhya Pradesh,Khargone (West Nimar),0.16%,0.188,42.4,44.5,"2,152","13,24,171",912,912000
Madhya Pradesh,Mandla,0.08%,0.247,54.6,45.2,"1,112","13,24,171",607,607000
Madhya Pradesh,Mandsaur,0.13%,0.158,38.4,41.2,"1,745","13,24,171",670,670000
Madhya Pradesh,Morena,0.17%,0.158,37.5,42.2,"2,315","13,24,171",868,868000
Madhya Pradesh,Narsimhapur,0.10%,0.133,31.6,42,"1,321","13,24,171",417,417000
Madhya Pradesh,Neemuch,0.08%,0.145,34.3,42.1,"1,021","13,24,171",350,350000
Madhya Pradesh,Panna,0.09%,0.211,47.4,44.6,"1,164","13,24,171",552,552000
Madhya Pradesh,Raisen,0.13%,0.167,39.8,41.9,"1,666","13,24,171",663,663000
Madhya Pradesh,Rajgarh,0.15%,0.21,48.5,43.3,"1,960","13,24,171",951,951000
Madhya Pradesh,Ratlam,0.13%,0.197,43.3,45.5,"1,698","13,24,171",736,736000
Madhya Pradesh,Rewa,0.20%,0.174,41.7,41.7,"2,706","13,24,171","1,128",1128000
Madhya Pradesh,Sagar,0.19%,0.174,42.3,41.2,"2,541","13,24,171","1,074",1074000
Madhya Pradesh,Satna,0.19%,0.159,38.5,41.3,"2,538","13,24,171",977,977000
Madhya Pradesh,Sehore,0.12%,0.135,30.9,43.7,"1,615","13,24,171",499,499000
Madhya Pradesh,Seoni,0.11%,0.214,50.9,42.1,"1,503","13,24,171",765,765000
Madhya Pradesh,Shahdol,0.09%,0.22,50.8,43.3,"1,246","13,24,171",634,634000
Madhya Pradesh,Shajapur,0.13%,0.175,41,42.6,"1,712","13,24,171",702,702000
Madhya Pradesh,Sheopur,0.06%,0.258,55.5,46.6,784,"13,24,171",435,435000
Madhya Pradesh,Shivpuri,0.16%,0.219,49.2,44.5,"2,168","13,24,171","1,067",1067000
Madhya Pradesh,Sidhi,0.10%,0.255,57.4,44.5,"1,325","13,24,171",760,760000
Madhya Pradesh,Singrauli,0.11%,0.27,57.4,47.1,"1,413","13,24,171",811,811000
Madhya Pradesh,Tikamgarh,0.12%,0.213,49.1,43.4,"1,545","13,24,171",758,758000
Madhya Pradesh,Ujjain,0.17%,0.13,30.2,42.9,"2,284","13,24,171",691,691000
Madhya Pradesh,Umaria,0.06%,0.22,51.2,43,749,"13,24,171",383,383000
Madhya Pradesh,Vidisha,0.13%,0.213,46.6,45.8,"1,758","13,24,171",819,819000
Maharashtra,Ahmadnagar,0.41%,0.068,16.8,40.7,"5,454","13,24,171",914,914000
Maharashtra,Akola,0.15%,0.066,17.6,37.6,"1,981","13,24,171",349,349000
Maharashtra,Amravati,0.23%,0.066,17.2,38.5,"3,086","13,24,171",530,530000
Maharashtra,Aurangabad,0.32%,0.066,16.4,40.4,"4,224","13,24,171",693,693000
Maharashtra,Bhandara,0.11%,0.046,12.1,38.2,"1,479","13,24,171",179,179000
Maharashtra,Bid,0.21%,0.102,24.8,41.2,"2,785","13,24,171",690,690000
Maharashtra,Buldana,0.21%,0.094,23.2,40.6,"2,777","13,24,171",643,643000
Maharashtra,Chandrapur,0.18%,0.092,22.5,41.1,"2,437","13,24,171",548,548000
Maharashtra,Dhule,0.17%,0.168,36.6,45.7,"2,291","13,24,171",839,839000
Maharashtra,Gadchiroli,0.08%,0.117,30,39,"1,071","13,24,171",321,321000
Maharashtra,Gondiya,0.10%,0.102,27.5,37,"1,308","13,24,171",360,360000
Maharashtra,Hingoli,0.09%,0.128,31.7,40.5,"1,250","13,24,171",396,396000
Maharashtra,Jalgaon,0.31%,0.084,19.7,42.6,"4,161","13,24,171",819,819000
Maharashtra,Jalna,0.16%,0.138,33.8,40.8,"2,143","13,24,171",724,724000
Maharashtra,Kolhapur,0.32%,0.042,11.2,37.9,"4,217","13,24,171",473,473000
Maharashtra,Latur,0.18%,0.089,23.1,38.3,"2,397","13,24,171",554,554000
Maharashtra,Mumbai,0.26%,0.013,3.3,38.3,"3,409","13,24,171",113,113000
Maharashtra,Mumbai Suburban,0.81%,0.013,3.2,42.1,"10,768","13,24,171",343,343000
Maharashtra,Nagpur,0.38%,0.031,8.2,37.2,"5,039","13,24,171",414,414000
Maharashtra,Nanded,0.29%,0.126,31.2,40.3,"3,803","13,24,171","1,185",1185000
Maharashtra,Nandurbar,0.13%,0.3,60.3,49.7,"1,705","13,24,171","1,029",1029000
Maharashtra,Nashik,0.64%,0.087,20.2,42.8,"8,462","13,24,171","1,713",1713000
Maharashtra,Osmanabad,0.12%,0.079,19.7,40.2,"1,557","13,24,171",307,307000
Maharashtra,Parbhani,0.16%,0.102,26.5,38.4,"2,107","13,24,171",559,559000
Maharashtra,Pune,0.73%,0.023,5.8,38.8,"9,731","13,24,171",569,569000
Maharashtra,Raigarh,0.26%,0.049,11.8,41.5,"3,454","13,24,171",406,406000
Maharashtra,Ratnagiri,0.14%,0.078,20.4,38.3,"1,857","13,24,171",379,379000
Maharashtra,Sangli,0.25%,0.044,11.2,39.4,"3,318","13,24,171",370,370000
Maharashtra,Satara,0.25%,0.048,12.6,37.6,"3,333","13,24,171",421,421000
Maharashtra,Sindhudurg,0.06%,0.064,17.1,37.5,840,"13,24,171",143,143000
Maharashtra,Solapur,0.37%,0.061,15,40.5,"4,867","13,24,171",731,731000
Maharashtra,Thane,1.01%,0.071,15.7,45.1,"13,339","13,24,171","2,095",2095000
Maharashtra,Wardha,0.11%,0.047,12,39.3,"1,399","13,24,171",167,167000
Maharashtra,Washim,0.10%,0.102,26,39.3,"1,355","13,24,171",353,353000
Maharashtra,Yavatmal,0.24%,0.117,28.9,40.5,"3,235","13,24,171",934,934000
Manipur,Bishnupur,0.01%,0.081,21.5,37.8,192,"13,24,171",41,41000
Manipur,Chandel,0.01%,0.107,25.1,42.8,104,"13,24,171",26,26000
Manipur,Churachandpur,0.02%,0.094,21.7,43.1,208,"13,24,171",45,45000
Manipur,Imphal East,0.04%,0.08,20,39.8,494,"13,24,171",99,99000
Manipur,Imphal West,0.04%,0.039,10.5,37,570,"13,24,171",60,60000
Manipur,Senapati (Excluding 3 Sub-Divisions),0.01%,0.132,31.9,41.4,157,"13,24,171",50,50000
Manipur,Tamenglong,0.01%,0.159,36.5,43.7,107,"13,24,171",39,39000
Manipur,Thoubal,0.03%,0.089,22.6,39.3,409,"13,24,171",92,92000
Manipur,Ukhrul,0.01%,0.12,28.6,41.9,142,"13,24,171",41,41000
Meghalaya,East Garo Hills,0.03%,0.192,43.4,44.2,359,"13,24,171",156,156000
Meghalaya,East Khasi Hills,0.07%,0.1,23.4,42.9,888,"13,24,171",207,207000
Meghalaya,Jaintia Hills,0.03%,0.213,43.9,48.5,403,"13,24,171",177,177000
Meghalaya,Ribhoi,0.02%,0.209,45,46.6,250,"13,24,171",112,112000
Meghalaya,South Garo Hills,0.01%,0.05,12.9,39.1,151,"13,24,171",19,19000
Meghalaya,West Garo Hills,0.05%,0.134,31.4,42.6,688,"13,24,171",216,216000
Meghalaya,West Khasi Hills,0.03%,0.152,34.4,44.1,384,"13,24,171",132,132000
Mizoram,Aizawl,0.03%,0.006,1.6,39.5,458,"13,24,171",8,8000
Mizoram,Champhai,0.01%,0.032,8.4,37.6,121,"13,24,171",10,10000
Mizoram,Kolasib,0.01%,0.041,9.3,43.7,67,"13,24,171",6,6000
Mizoram,Lawngtlai,0.01%,0.152,30.3,50.2,121,"13,24,171",37,37000
Mizoram,Lunglei,0.01%,0.043,10.4,41.8,167,"13,24,171",17,17000
Mizoram,Mamit,0.01%,0.128,27.1,47.3,82,"13,24,171",22,22000
Mizoram,Saiha,0.00%,0.046,11.5,39.8,54,"13,24,171",6,6000
Mizoram,Serchhip,0.00%,0.014,3.7,37.9,50,"13,24,171",2,2000
Nagaland,Dimapur,0.03%,0.072,16,45.1,361,"13,24,171",58,58000
Nagaland,Kiphire,0.01%,0.133,33.5,39.7,68,"13,24,171",23,23000
Nagaland,Kohima,0.01%,0.041,10.8,37.9,193,"13,24,171",21,21000
Nagaland,Longleng,0.00%,0.139,34.1,40.6,40,"13,24,171",14,14000
Nagaland,Mokokchung,0.01%,0.036,10.1,35.6,110,"13,24,171",11,11000
Nagaland,Mon,0.02%,0.184,41.4,44.4,238,"13,24,171",98,98000
Nagaland,Peren,0.01%,0.1,24.2,41.5,68,"13,24,171",16,16000
Nagaland,Phek,0.01%,0.096,24.5,39,152,"13,24,171",37,37000
Nagaland,Tuensang,0.01%,0.144,35,41.2,157,"13,24,171",55,55000
Nagaland,Wokha,0.01%,0.056,14.2,39.2,77,"13,24,171",11,11000
Nagaland,Zunheboto,0.01%,0.08,21,37.9,120,"13,24,171",25,25000
Odisha,Anugul,0.11%,0.129,31.3,41.4,"1,473","13,24,171",460,460000
Odisha,Balangir,0.16%,0.18,43.6,41.3,"2,162","13,24,171",943,943000
Odisha,Baleshwar,0.20%,0.124,30.5,40.8,"2,587","13,24,171",790,790000
Odisha,Bargarh,0.13%,0.142,35.4,40,"1,762","13,24,171",625,625000
Odisha,Baudh,0.04%,0.186,45.4,40.9,503,"13,24,171",228,228000
Odisha,Bhadrak,0.12%,0.138,35.2,39.2,"1,632","13,24,171",574,574000
Odisha,Cuttack,0.20%,0.066,16.4,40.2,"2,625","13,24,171",431,431000
Odisha,Debagarh,0.02%,0.185,41.3,44.8,330,"13,24,171",136,136000
Odisha,Dhenkanal,0.10%,0.157,37.4,42.1,"1,269","13,24,171",475,475000
Odisha,Gajapati,0.05%,0.195,44,44.3,637,"13,24,171",280,280000
Odisha,Ganjam,0.25%,0.103,23.6,43.6,"3,275","13,24,171",774,774000
Odisha,Jagatsinghapur,0.09%,0.064,16.7,38.2,"1,163","13,24,171",194,194000
Odisha,Jajapur,0.14%,0.103,25,41.3,"1,916","13,24,171",479,479000
Odisha,Jharsuguda,0.05%,0.115,29.5,38.8,641,"13,24,171",189,189000
Odisha,Kalahandi,0.13%,0.249,55.2,45.1,"1,774","13,24,171",978,978000
Odisha,Kandhamal,0.06%,0.231,51.1,45.2,831,"13,24,171",425,425000
Odisha,Kendrapara,0.12%,0.107,27.2,39.4,"1,582","13,24,171",431,431000
Odisha,Kendujhar,0.15%,0.215,45.7,47,"1,985","13,24,171",908,908000
Odisha,Khordha,0.18%,0.072,17.4,41.5,"2,449","13,24,171",426,426000
Odisha,Koraput,0.11%,0.275,56.1,49.1,"1,506","13,24,171",844,844000
Odisha,Malkangiri,0.05%,0.327,64.9,50.4,697,"13,24,171",453,453000
Odisha,Mayurbhanj,0.19%,0.227,51,44.6,"2,548","13,24,171","1,298",1298000
Odisha,Nabarangapur,0.11%,0.308,64,48.2,"1,408","13,24,171",901,901000
Odisha,Nayagarh,0.08%,0.102,24.5,41.6,997,"13,24,171",244,244000
Odisha,Nuapada,0.06%,0.215,50.1,42.8,779,"13,24,171",390,390000
Odisha,Puri,0.14%,0.058,15.3,37.6,"1,859","13,24,171",285,285000
Odisha,Rayagada,0.08%,0.26,54.1,48,"1,009","13,24,171",546,546000
Odisha,Sambalpur,0.09%,0.145,35.9,40.2,"1,134","13,24,171",408,408000
Odisha,Subarnapur,0.06%,0.151,38.6,39.2,734,"13,24,171",284,284000
Odisha,Sundargarh,0.16%,0.143,34.2,41.8,"2,174","13,24,171",744,744000
Puducherry,Karaikal,0.02%,0.024,6.9,34.5,216,"13,24,171",15,15000
Puducherry,Mahe,0.00%,0.001,0.2,35.7,40,"13,24,171",0,0
Puducherry,Puducherry,0.08%,0.01,2.6,37.8,"1,004","13,24,171",26,26000
Puducherry,Yanam,0.00%,0.024,6.2,38.4,53,"13,24,171",3,3000
Punjab,Amritsar,0.19%,0.033,7.8,42.2,"2,517","13,24,171",197,197000
Punjab,Barnala,0.05%,0.023,5.6,42.1,643,"13,24,171",36,36000
Punjab,Bathinda,0.11%,0.029,7.2,40.2,"1,448","13,24,171",104,104000
Punjab,Faridkot,0.08%,0.02,5.2,38.1,"1,109","13,24,171",58,58000
Punjab,Fatehgarh Sahib,0.04%,0.016,3.9,42.5,577,"13,24,171",22,22000
Punjab,Firozpur,0.16%,0.047,11.5,40.5,"2,076","13,24,171",240,240000
Punjab,Gurdaspur,0.17%,0.024,5.9,40.7,"2,297","13,24,171",135,135000
Punjab,Hoshiarpur,0.13%,0.023,5.6,41,"1,694","13,24,171",94,94000
Punjab,Jalandhar,0.18%,0.008,2.1,38.5,"2,449","13,24,171",52,52000
Punjab,Kapurthala,0.06%,0.029,6.4,44.7,764,"13,24,171",49,49000
Punjab,Ludhiana,0.27%,0.016,3.7,43.2,"3,616","13,24,171",133,133000
Punjab,Mansa,0.06%,0.046,11.5,39.6,860,"13,24,171",99,99000
Punjab,Moga,0.08%,0.033,8.2,40.1,"1,028","13,24,171",85,85000
Punjab,Muktsar,0.08%,0.039,9.3,41.4,"1,000","13,24,171",93,93000
Punjab,Patiala,0.17%,0.015,3.7,40.5,"2,225","13,24,171",82,82000
Punjab,Rupnagar,0.05%,0.012,3.1,38.7,681,"13,24,171",21,21000
Punjab,Sahibzada Ajit Singh Nagar,0.07%,0.023,5,46.4,928,"13,24,171",47,47000
Punjab,Sangrur,0.05%,0.014,3.6,38.6,601,"13,24,171",21,21000
Punjab,Shahid Bhagat Singh Nagar,0.13%,0.025,6.2,40.4,"1,773","13,24,171",109,109000
Punjab,Tarn Taran,0.09%,0.04,9.6,41.9,"1,204","13,24,171",115,115000
Rajasthan,Ajmer,0.22%,0.076,17.5,43.6,"2,931","13,24,171",512,512000
Rajasthan,Alwar,0.29%,0.128,30.4,42.1,"3,880","13,24,171","1,180",1180000
Rajasthan,Banswara,0.16%,0.27,55.6,48.6,"2,133","13,24,171","1,185",1185000
Rajasthan,Baran,0.11%,0.161,37.5,43,"1,399","13,24,171",524,524000
Rajasthan,Barmer,0.20%,0.287,55.8,51.3,"2,671","13,24,171","1,492",1492000
Rajasthan,Bharatpur,0.21%,0.192,42.4,45.2,"2,832","13,24,171","1,202",1202000
Rajasthan,Bhilwara,0.21%,0.138,31.7,43.7,"2,758","13,24,171",874,874000
Rajasthan,Bikaner,0.19%,0.113,25.5,44.4,"2,480","13,24,171",633,633000
Rajasthan,Bundi,0.08%,0.161,36.3,44.2,"1,116","13,24,171",406,406000
Rajasthan,Chittaurgarh,0.12%,0.144,32.9,43.8,"1,537","13,24,171",506,506000
Rajasthan,Churu,0.16%,0.095,22.5,42.1,"2,105","13,24,171",474,474000
Rajasthan,Dausa,0.12%,0.121,29.6,41,"1,647","13,24,171",488,488000
Rajasthan,Dhaulpur,0.09%,0.181,41.8,43.3,"1,248","13,24,171",521,521000
Rajasthan,Dungarpur,0.12%,0.245,52.3,46.8,"1,565","13,24,171",819,819000
Rajasthan,Ganganagar,0.17%,0.072,17.6,40.8,"2,305","13,24,171",406,406000
Rajasthan,Hanumangarh,0.14%,0.093,21.4,43.3,"1,902","13,24,171",407,407000
Rajasthan,Jaipur,0.46%,0.066,16,40.9,"6,152","13,24,171",986,986000
Rajasthan,Jaisalmer,0.05%,0.275,54,50.9,723,"13,24,171",391,391000
Rajasthan,Jalor,0.15%,0.209,44,47.4,"2,028","13,24,171",893,893000
Rajasthan,Jhalawar,0.12%,0.17,37.7,45,"1,570","13,24,171",592,592000
Rajasthan,Jhunjhunun,0.17%,0.059,14.5,40.4,"2,287","13,24,171",332,332000
Rajasthan,Jodhpur,0.31%,0.14,30.4,46,"4,088","13,24,171","1,243",1243000
Rajasthan,Karauli,0.11%,0.19,43.1,44.1,"1,462","13,24,171",630,630000
Rajasthan,Kota,0.16%,0.076,18.1,41.9,"2,092","13,24,171",379,379000
Rajasthan,Nagaur,0.26%,0.108,25,43.4,"3,407","13,24,171",851,851000
Rajasthan,Pali,0.17%,0.117,26.4,44.4,"2,232","13,24,171",590,590000
Rajasthan,Pratapgarh,0.07%,0.28,57.8,48.3,984,"13,24,171",569,569000
Rajasthan,Rajsamand,0.09%,0.146,33.7,43.3,"1,252","13,24,171",421,421000
Rajasthan,Sawai Madhopur,0.12%,0.158,37.1,42.7,"1,528","13,24,171",567,567000
Rajasthan,Sikar,0.22%,0.061,14.9,40.6,"2,900","13,24,171",432,432000
Rajasthan,Sirohi,0.08%,0.207,42.5,48.9,"1,073","13,24,171",456,456000
Rajasthan,Tonk,0.12%,0.12,29.2,41.2,"1,562","13,24,171",456,456000
Rajasthan,Udaipur,0.25%,0.264,52.5,50.4,"3,297","13,24,171","1,731",1731000
Sikkim,East District,0.02%,0.018,4.9,37.3,272,"13,24,171",13,13000
Sikkim,North  District,0.00%,0.022,5.8,38,29,"13,24,171",2,2000
Sikkim,South District,0.01%,0.011,2.9,39.3,134,"13,24,171",4,4000
Sikkim,West District,0.01%,0.026,6.8,38.7,121,"13,24,171",8,8000
Tamil Nadu,Ariyalur,0.06%,0.054,15,36.2,826,"13,24,171",124,124000
Tamil Nadu,Chennai,0.46%,0.005,1.4,38.8,"6,034","13,24,171",84,84000
Tamil Nadu,Coimbatore,0.35%,0.012,3.2,36.3,"4,631","13,24,171",147,147000
Tamil Nadu,Cuddalore,0.23%,0.053,14.3,36.8,"3,087","13,24,171",441,441000
Tamil Nadu,Dharmapuri,0.14%,0.026,6.9,37.8,"1,806","13,24,171",124,124000
Tamil Nadu,Dindigul,0.21%,0.025,6.9,36.4,"2,793","13,24,171",193,193000
Tamil Nadu,Erode,0.25%,0.014,3.4,41.1,"3,367","13,24,171",113,113000
Tamil Nadu,Kancheepuram,0.39%,0.017,4.5,37.3,"5,163","13,24,171",232,232000
Tamil Nadu,Kanniyakumari,0.19%,0.006,1.6,34.6,"2,488","13,24,171",40,40000
Tamil Nadu,Karur,0.11%,0.028,7.5,36.5,"1,489","13,24,171",112,112000
Tamil Nadu,Krishnagiri,0.18%,0.035,9.3,37.9,"2,442","13,24,171",228,228000
Tamil Nadu,Madurai,0.26%,0.026,7,37.9,"3,488","13,24,171",243,243000
Tamil Nadu,Nagapattinam,0.15%,0.05,13.7,36.6,"1,963","13,24,171",269,269000
Tamil Nadu,Namakkal,0.16%,0.014,3.6,39.2,"2,157","13,24,171",78,78000
Tamil Nadu,Perambalur,0.05%,0.045,12.2,37.1,661,"13,24,171",81,81000
Tamil Nadu,Pudukkottai,0.14%,0.064,17.4,36.7,"1,819","13,24,171",317,317000
Tamil Nadu,Ramanathapuram,0.12%,0.036,9.7,37.5,"1,563","13,24,171",152,152000
Tamil Nadu,Salem,0.31%,0.034,8,41.7,"4,124","13,24,171",331,331000
Tamil Nadu,Sivaganga,0.12%,0.054,14.6,37.3,"1,532","13,24,171",223,223000
Tamil Nadu,Thanjavur,0.20%,0.055,15.1,36.6,"2,640","13,24,171",398,398000
Tamil Nadu,The Nilgiris,0.07%,0.011,3,37.2,972,"13,24,171",30,30000
Tamil Nadu,Theni,0.12%,0.026,6.7,38.1,"1,653","13,24,171",111,111000
Tamil Nadu,Thiruvallur,0.34%,0.015,4,37.4,"4,550","13,24,171",183,183000
Tamil Nadu,Thiruvarur,0.11%,0.056,15.4,36.3,"1,521","13,24,171",234,234000
Tamil Nadu,Thoothukkudi,0.15%,0.035,9.1,38.4,"2,036","13,24,171",185,185000
Tamil Nadu,Tiruchirappalli,0.24%,0.024,6.8,35.9,"3,164","13,24,171",215,215000
Tamil Nadu,Tirunelveli,0.24%,0.03,7.7,38.6,"3,159","13,24,171",242,242000
Tamil Nadu,Tiruppur,0.24%,0.019,5,38,"3,130","13,24,171",156,156000
Tamil Nadu,Tiruvannamalai,0.21%,0.032,8.7,37.1,"2,752","13,24,171",240,240000
Tamil Nadu,Vellore,0.36%,0.021,5.8,36.5,"4,815","13,24,171",280,280000
Tamil Nadu,Viluppuram,0.29%,0.045,11.7,38.4,"3,832","13,24,171",447,447000
Tamil Nadu,Virudhunagar,0.16%,0.044,11.8,37.1,"2,171","13,24,171",255,255000
Telangana,Adilabad,0.22%,0.148,34.5,42.9,"2,872","13,24,171",991,991000
Telangana,Hyderabad,0.45%,0.022,5.6,40.1,"6,004","13,24,171",335,335000
Telangana,Karimnagar,0.31%,0.047,12.1,39.1,"4,042","13,24,171",490,490000
Telangana,Khammam,0.22%,0.067,16.7,40.4,"2,909","13,24,171",485,485000
Telangana,Mahbubnagar,0.28%,0.123,29.5,41.5,"3,716","13,24,171","1,097",1097000
Telangana,Medak,0.21%,0.09,22.5,39.9,"2,800","13,24,171",629,629000
Telangana,Nalgonda,0.26%,0.086,21.5,40.3,"3,486","13,24,171",748,748000
Telangana,Nizamabad,0.18%,0.102,24.1,42.3,"2,419","13,24,171",584,584000
Telangana,Rangareddy,0.44%,0.026,6.5,40.5,"5,876","13,24,171",382,382000
Telangana,Warangal,0.27%,0.067,17.4,38.7,"3,567","13,24,171",621,621000
Tripura,Dhalai,0.03%,0.147,33,44.5,365,"13,24,171",121,121000
Tripura,North Tripura,0.05%,0.168,37.2,45,722,"13,24,171",269,269000
Tripura,South Tripura,0.07%,0.077,19.2,40.2,908,"13,24,171",175,175000
Tripura,West Tripura,0.14%,0.046,11.2,40.7,"1,854","13,24,171",208,208000
Uttar Pradesh,Agra,0.35%,0.165,38,43.4,"4,603","13,24,171","1,749",1749000
Uttar Pradesh,Aligarh,0.30%,0.171,39.1,43.8,"4,035","13,24,171","1,577",1577000
Uttar Pradesh,Allahabad,0.48%,0.147,33.8,43.6,"6,365","13,24,171","2,149",2149000
Uttar Pradesh,Ambedkar Nagar,0.18%,0.173,43.6,39.7,"2,414","13,24,171","1,052",1052000
Uttar Pradesh,Auraiya,0.10%,0.136,33.1,41.2,"1,344","13,24,171",445,445000
Uttar Pradesh,Azamgarh,0.32%,0.153,39.1,39,"4,282","13,24,171","1,675",1675000
Uttar Pradesh,Baghpat,0.11%,0.099,22.9,43.4,"1,480","13,24,171",339,339000
Uttar Pradesh,Bahraich,0.27%,0.366,71.4,51.2,"3,599","13,24,171","2,572",2572000
Uttar Pradesh,Ballia,0.25%,0.165,38.7,42.5,"3,308","13,24,171","1,282",1282000
Uttar Pradesh,Balrampur,0.17%,0.35,68.7,50.8,"2,245","13,24,171","1,543",1543000
Uttar Pradesh,Banda,0.12%,0.193,44.5,43.4,"1,622","13,24,171",723,723000
Uttar Pradesh,Bara Banki,0.26%,0.223,47.8,46.5,"3,377","13,24,171","1,615",1615000
Uttar Pradesh,Bareilly,0.36%,0.193,41.2,47,"4,827","13,24,171","1,986",1986000
Uttar Pradesh,Basti,0.19%,0.203,48.1,42.2,"2,469","13,24,171","1,187",1187000
Uttar Pradesh,Bijnor,0.28%,0.131,30.8,42.5,"3,740","13,24,171","1,154",1154000
Uttar Pradesh,Budaun,0.30%,0.297,60.5,49.2,"3,912","13,24,171","2,365",2365000
Uttar Pradesh,Bulandshahr,0.29%,0.15,34.3,43.7,"3,795","13,24,171","1,302",1302000
Uttar Pradesh,Chandauli,0.17%,0.163,38.3,42.6,"2,239","13,24,171",857,857000
Uttar Pradesh,Chitrakoot,0.08%,0.275,60.9,45.1,"1,038","13,24,171",632,632000
Uttar Pradesh,Deoria,0.22%,0.144,34,42.3,"2,978","13,24,171","1,014",1014000
Uttar Pradesh,Etah,0.13%,0.178,41.6,42.7,"1,759","13,24,171",732,732000
Uttar Pradesh,Etawah,0.12%,0.117,30.1,39,"1,563","13,24,171",470,470000
Uttar Pradesh,Faizabad,0.18%,0.186,43.6,42.7,"2,373","13,24,171","1,035",1035000
Uttar Pradesh,Farrukhabad,0.14%,0.182,40.2,45.3,"1,914","13,24,171",769,769000
Uttar Pradesh,Fatehpur,0.19%,0.212,47.3,44.8,"2,540","13,24,171","1,202",1202000
Uttar Pradesh,Firozabad,0.19%,0.15,34.7,43.4,"2,578","13,24,171",894,894000
Uttar Pradesh,Gautam Buddha Nagar,0.16%,0.064,15.3,41.8,"2,103","13,24,171",322,322000
Uttar Pradesh,Ghaziabad,0.42%,0.07,16.4,42.9,"5,513","13,24,171",906,906000
Uttar Pradesh,Ghazipur,0.25%,0.19,45.4,41.9,"3,373","13,24,171","1,531",1531000
Uttar Pradesh,Gonda,0.26%,0.284,58.5,48.5,"3,468","13,24,171","2,028",2028000
Uttar Pradesh,Gorakhpur,0.32%,0.127,30.1,42.4,"4,186","13,24,171","1,260",1260000
Uttar Pradesh,Hamirpur,0.08%,0.146,35.1,41.5,"1,075","13,24,171",378,378000
Uttar Pradesh,Hardoi,0.34%,0.243,53.3,45.6,"4,493","13,24,171","2,397",2397000
Uttar Pradesh,Jalaun,0.12%,0.121,29.2,41.5,"1,534","13,24,171",448,448000
Uttar Pradesh,Jaunpur,0.31%,0.171,41.3,41.5,"4,126","13,24,171","1,706",1706000
Uttar Pradesh,Jhansi,0.15%,0.097,23,42,"1,923","13,24,171",443,443000
Uttar Pradesh,Jyotiba Phule Nagar,0.15%,0.164,35.4,46.3,"1,997","13,24,171",708,708000
Uttar Pradesh,Kannauj,0.12%,0.205,46.2,44.4,"1,620","13,24,171",748,748000
Uttar Pradesh,Kanpur Dehat,0.14%,0.171,41,41.8,"1,822","13,24,171",747,747000
Uttar Pradesh,Kanpur Nagar,0.42%,0.062,14.4,43.1,"5,531","13,24,171",796,796000
Uttar Pradesh,Kanshiram Nagar,0.11%,0.241,51.6,46.7,"1,438","13,24,171",742,742000
Uttar Pradesh,Kaushambi,0.12%,0.292,59.6,49,"1,532","13,24,171",913,913000
Uttar Pradesh,Kheri,0.33%,0.301,60.7,49.6,"4,346","13,24,171","2,639",2639000
Uttar Pradesh,Kushinagar,0.28%,0.189,42.5,44.3,"3,731","13,24,171","1,587",1587000
Uttar Pradesh,Lalitpur,0.10%,0.181,43.2,41.9,"1,341","13,24,171",579,579000
Uttar Pradesh,Lucknow,0.32%,0.062,15.1,40.9,"4,204","13,24,171",637,637000
Uttar Pradesh,Mahamaya Nagar,0.12%,0.152,37.4,40.6,"1,549","13,24,171",580,580000
Uttar Pradesh,Mahoba,0.06%,0.162,39.1,41.5,837,"13,24,171",327,327000
Uttar Pradesh,Mahrajganj,0.21%,0.22,50.4,43.6,"2,836","13,24,171","1,430",1430000
Uttar Pradesh,Mainpuri,0.15%,0.143,35.6,40.3,"1,924","13,24,171",684,684000
Uttar Pradesh,Mathura,0.23%,0.149,34.7,42.7,"3,091","13,24,171","1,074",1074000
Uttar Pradesh,Mau,0.17%,0.161,39.6,40.7,"2,280","13,24,171",902,902000
Uttar Pradesh,Meerut,0.41%,0.087,19.8,43.8,"5,376","13,24,171","1,066",1066000
Uttar Pradesh,Mirzapur,0.19%,0.2,46,43.5,"2,470","13,24,171","1,136",1136000
Uttar Pradesh,Moradabad,0.38%,0.179,38.9,46.1,"5,010","13,24,171","1,950",1950000
Uttar Pradesh,Muzaffarnagar,0.32%,0.136,30.3,44.8,"4,216","13,24,171","1,276",1276000
Uttar Pradesh,Pilibhit,0.16%,0.214,47.1,45.4,"2,069","13,24,171",974,974000
Uttar Pradesh,Pratapgarh,0.23%,0.174,41.7,41.9,"3,067","13,24,171","1,278",1278000
Uttar Pradesh,Rae Bareli,0.26%,0.183,42.4,43.1,"3,489","13,24,171","1,480",1480000
Uttar Pradesh,Rampur,0.19%,0.202,42.9,47.1,"2,499","13,24,171","1,071",1071000
Uttar Pradesh,Saharanpur,0.28%,0.149,33,45.1,"3,709","13,24,171","1,224",1224000
Uttar Pradesh,Sant Kabir Nagar,0.13%,0.208,47.9,43.5,"1,675","13,24,171",803,803000
Uttar Pradesh,Sant Ravidas Nagar (Bhadohi),0.12%,0.196,46.5,42.3,"1,625","13,24,171",755,755000
Uttar Pradesh,Shahjahanpur,0.24%,0.252,54.3,46.3,"3,238","13,24,171","1,759",1759000
Uttar Pradesh,Shrawasti,0.09%,0.393,75.4,52.2,"1,135","13,24,171",855,855000
Uttar Pradesh,Siddharth Nagar,0.18%,0.273,59.5,45.9,"2,415","13,24,171","1,436",1436000
Uttar Pradesh,Sitapur,0.34%,0.279,58,48,"4,469","13,24,171","2,593",2593000
Uttar Pradesh,Sonbhadra,0.15%,0.253,53.5,47.2,"1,993","13,24,171","1,067",1067000
Uttar Pradesh,Sultanpur,0.26%,0.201,47.2,42.6,"3,421","13,24,171","1,615",1615000
Uttar Pradesh,Unnao,0.24%,0.198,44.5,44.5,"3,210","13,24,171","1,429",1429000
Uttar Pradesh,Varanasi,0.28%,0.11,26.4,41.8,"3,750","13,24,171",989,989000
Uttarakhand,Almora,0.04%,0.096,24.9,38.7,575,"13,24,171",143,143000
Uttarakhand,Bageshwar,0.02%,0.08,20.5,38.8,273,"13,24,171",56,56000
Uttarakhand,Chamoli,0.03%,0.066,16.7,39.2,357,"13,24,171",60,60000
Uttarakhand,Champawat,0.02%,0.1,23.9,41.8,248,"13,24,171",59,59000
Uttarakhand,Dehradun,0.16%,0.029,7,41.9,"2,155","13,24,171",151,151000
Uttarakhand,Garhwal,0.05%,0.046,12,38.6,705,"13,24,171",85,85000
Uttarakhand,Hardwar,0.16%,0.101,22.7,44.5,"2,117","13,24,171",481,481000
Uttarakhand,Nainital,0.07%,0.05,12,41.8,944,"13,24,171",113,113000
Uttarakhand,Pithoragarh,0.04%,0.059,15.1,39.2,480,"13,24,171",72,72000
Uttarakhand,Rudraprayag,0.02%,0.052,13.1,39.4,239,"13,24,171",31,31000
Uttarakhand,Tehri Garhwal,0.05%,0.071,18.1,39.2,640,"13,24,171",116,116000
Uttarakhand,Udham Singh Nagar,0.14%,0.096,22.6,42.4,"1,827","13,24,171",413,413000
Uttarakhand,Uttarkashi,0.03%,0.106,25.3,42,337,"13,24,171",85,85000
West Bengal,Bankura,0.30%,0.151,35.7,42.4,"4,011","13,24,171","1,432",1432000
West Bengal,Barddhaman,0.66%,0.116,26.8,43.2,"8,739","13,24,171","2,341",2341000
West Bengal,Birbhum,0.29%,0.166,40,41.6,"3,835","13,24,171","1,534",1534000
West Bengal,Dakshin Dinajpur,0.13%,0.122,29.9,40.8,"1,675","13,24,171",500,500000
West Bengal,Darjiling,0.14%,0.057,13.7,41.6,"1,821","13,24,171",250,250000
West Bengal,Haora,0.39%,0.064,15.3,41.9,"5,129","13,24,171",785,785000
West Bengal,Hugli,0.44%,0.074,17.9,41.4,"5,775","13,24,171","1,031",1031000
West Bengal,Jalpaiguri,0.29%,0.11,25.9,42.6,"3,817","13,24,171",987,987000
West Bengal,Koch Bihar,0.23%,0.12,29.5,40.8,"3,059","13,24,171",903,903000
West Bengal,Kolkata,0.34%,0.015,3.9,40,"4,447","13,24,171",171,171000
West Bengal,Maldah,0.33%,0.165,38.9,42.4,"4,320","13,24,171","1,681",1681000
West Bengal,Murshidabad,0.64%,0.126,29.3,43,"8,414","13,24,171","2,463",2463000
West Bengal,Nadia,0.43%,0.064,16.1,39.8,"5,657","13,24,171",911,911000
West Bengal,North Twenty Four Parganas,0.83%,0.038,9.6,39.5,"11,013","13,24,171","1,061",1061000
West Bengal,Paschim Medinipur,0.51%,0.138,34.4,40.2,"6,749","13,24,171","2,319",2319000
West Bengal,Purba Medinipur,0.45%,0.072,18.7,38.5,"5,945","13,24,171","1,112",1112000
West Bengal,Puruliya,0.26%,0.262,59.2,44.3,"3,436","13,24,171","2,034",2034000
West Bengal,South Twenty Four Parganas,0.66%,0.134,32.5,41.3,"8,703","13,24,171","2,832",2832000
West Bengal,Uttar Dinajpur,0.26%,0.209,46.9,44.6,"3,449","13,24,171","1,618",1618000
